,Average Power (kW),Anomaly Power (kW),Priority Score,Priority
Academic,27.78979480335101,62.16355477009367,100.0,High
Mess,22.195073901719205,39.776754247206874,71.92748618045252,High
Boys_main,17.4596086287563,20.64509616096882,48.01917176395946,Medium
Boys_backup,13.952265121513333,19.88208672176068,41.09497221485582,Medium
Library,9.077745646176497,23.996673060820147,35.63411575731287,Low
Facilities,10.479961482817478,19.500222785270605,34.540383843851,Low
Girls_main,7.313910076291244,8.67340460527041,20.135623085250906,Low
Girls_backup,6.880838845728028,8.574542522800035,19.27691423869019,Low
Lecture,0.6419894401511271,3.550562675346719,4.010904679975919,Low
