,Academic,Boys_main,Boys_backup,Facilities,Girls_main,Girls_backup,Lecture,Library,Mess
Academic,1.0,0.004467254787975312,0.20083897257314107,0.5071930224064448,0.11341105491605155,0.12383497632034855,0.690368182511813,0.6916599733896585,0.4977720209770446
Boys_main,0.004467254787975312,1.0,0.590158198048937,0.07255796389588175,0.6867418016733245,0.5999514025374807,-0.08335790837021693,0.08462896138004476,0.31939494050113404
Boys_backup,0.20083897257314107,0.590158198048937,1.0,0.2743617061029971,0.577420083089855,0.8428235513778198,0.07253162880901626,0.2859423497047405,0.4515436828068341
Facilities,0.5071930224064448,0.07255796389588175,0.2743617061029971,1.0,0.18668867299099667,0.26105911510783275,0.2632887906986408,0.4716327159364979,0.3716378199425552
Girls_main,0.11341105491605155,0.6867418016733245,0.577420083089855,0.18668867299099667,1.0,0.6349402243678964,-0.014635748612950205,0.1593512273981877,0.39850296069558144
Girls_backup,0.12383497632034855,0.5999514025374807,0.8428235513778198,0.26105911510783275,0.6349402243678964,1.0,-0.0023664105550488313,0.15755434740344124,0.41536111659397207
Lecture,0.690368182511813,-0.08335790837021693,0.07253162880901626,0.2632887906986408,-0.014635748612950205,-0.0023664105550488313,1.0,0.47662278438171846,0.26337100422892856
Library,0.6916599733896585,0.08462896138004476,0.2859423497047405,0.4716327159364979,0.1593512273981877,0.15755434740344124,0.47662278438171846,1.0,0.5068029054221163
Mess,0.4977720209770446,0.31939494050113404,0.4515436828068341,0.3716378199425552,0.39850296069558144,0.41536111659397207,0.26337100422892856,0.5068029054221163,1.0
