,Mean (W),Std Dev (W),Minimum (W),Maximum (W)
Academic,27789.79480335101,14019.708815964148,0.0,95786.33
Boys_main,17459.6086287563,8298.258871077313,0.0,97663.86
Boys_backup,13952.265121513334,5103.568063740549,0.0,47212.14
Facilities,10479.961482817478,4666.489950847697,0.0,139437.08594
Girls_main,7313.910076291244,2660.466029131536,0.0,20895.92
Girls_backup,6880.838845728028,2117.492724247349,0.0,18126.82
Lecture,641.9894401511272,1552.9098323501846,0.0,26703.07
Library,9077.745646176498,6656.891401767667,0.0,99208.94531
Mess,22195.073901719206,8819.28438918603,232.45924,142442.05469
